uniprot_accession,organism,organism_type,gh_family,optimum_temperature,optimum_pH,gravy,predicted_pI,instability_index,aromaticity,molecular_weight,hbond_proxy,salt_bridge_proxy,disulfide_count,model_path,template,gmqe,qmean,mutation_chain,mutation,mutation_rationale,duet_ddg
E0S2F5,Butyrivibrio proteoclasticus (strain ATCC 51982 / DSM 14932 / B316) (Clostridium proteoclasticum),bacterial,GH10,,,-0.4490673154906732,4.554701805114747,27.760356853203763,0.1086780210867802,136886.414,85718.0,29820.0,0.0,/home/ubuntu/xylanase/xylanase/models/swiss_model/outputs/E0S2F5_swissmodel.pdb,,,,A,,,
J7JXS8,Caldanaerobius polysaccharolyticus,bacterial,GH10,,,-0.3740027510316368,4.869646644592284,27.137771664374323,0.09353507565337,160052.7049,95387.0,22344.0,0.0,/home/ubuntu/xylanase/xylanase/models/swiss_model/outputs/J7JXS8_swissmodel.pdb,,,,A,,,
B1A3N2,Paenibacillus curdlanolyticus,bacterial,GH10,,7.0,-0.3906739811912226,4.743464088439941,22.06999216300951,0.0909090909090909,138238.1047,87698.0,21840.0,0.0,/home/ubuntu/xylanase/xylanase/models/swiss_model/outputs/B1A3N2_swissmodel.pdb,,,,A,,,
Q9RQB7,Xylanimonas pachnodae,bacterial,GH10,,,-0.1186813186813186,4.2100301742553725,24.00845308537633,0.0879120879120879,124135.7024,78754.0,12160.0,0.0,/home/ubuntu/xylanase/xylanase/models/swiss_model/outputs/Q9RQB7_swissmodel.pdb,,,,A,,,
A0AAW8VCD8,Bacteroides cellulosilyticus,bacterial,GH10,,,-0.5043296089385475,6.614262580871582,32.8848184357542,0.1187150837988827,81122.8094,51675.0,9434.0,0.0,/home/ubuntu/xylanase/xylanase/models/swiss_model/outputs/A0AAW8VCD8_swissmodel.pdb,,,,A,,,
E0S1Z8,Butyrivibrio proteoclasticus (strain ATCC 51982 / DSM 14932 / B316) (Clostridium proteoclasticum),bacterial,GH10,,,-0.4345375722543353,5.187603950500487,37.76361271676307,0.1329479768786127,79690.1152,50731.0,8811.0,0.0,/home/ubuntu/xylanase/xylanase/models/swiss_model/outputs/E0S1Z8_swissmodel.pdb,,,,A,,,
E9SA77,Ruminococcus albus 8,bacterial,GH11,,,-0.4822580645161289,4.4904169082641605,29.40970674486802,0.0982404692082111,74813.9871,47039.0,7952.0,0.0,/home/ubuntu/xylanase/xylanase/models/swiss_model/outputs/E9SA77_swissmodel.pdb,,,,A,,,
E9SDY0,Ruminococcus albus 8,bacterial,GH10,,,-0.4804819277108434,5.159866523742674,23.291337349397587,0.1180722891566264,91331.0101,57783.0,7812.0,0.0,/home/ubuntu/xylanase/xylanase/models/swiss_model/outputs/E9SDY0_swissmodel.pdb,,,,A,,,
E0S1S5,Butyrivibrio proteoclasticus (strain ATCC 51982 / DSM 14932 / B316) (Clostridium proteoclasticum),bacterial,GH10,,,-0.4669678714859438,5.490044212341308,25.62585341365464,0.1224899598393574,109454.9694,69469.0,7743.0,0.0,/home/ubuntu/xylanase/xylanase/models/swiss_model/outputs/E0S1S5_swissmodel.pdb,,,,A,,,
A0A286N5W6,Paenibacillus massiliensis subsp. panacisoli,bacterial,GH10,,,-0.3501108647450111,4.7145898818969725,33.004911308204115,0.0942350332594235,98762.3606,63002.0,7676.0,0.0,/home/ubuntu/xylanase/xylanase/models/swiss_model/outputs/A0A286N5W6_swissmodel.pdb,,,,A,,,
A7TVD4,Streptomyces fradiae (Streptomyces roseoflavus),bacterial,GH10,60,7.8,-0.3389121338912134,8.270665168762209,33.05523012552302,0.0878661087866108,51143.3806,61880.0,7176.0,0.0,/home/ubuntu/xylanase/xylanase/models/swiss_model/outputs/A7TVD4_swissmodel.pdb,,,,A,,,
A0A8D5NM93,Streptomyces thermogriseus,bacterial,GH10,,,-0.3549266247379455,7.022480201721192,26.95052410901468,0.0838574423480083,51194.3325,61606.0,6888.0,0.0,/home/ubuntu/xylanase/xylanase/models/swiss_model/outputs/A0A8D5NM93_swissmodel.pdb,,,,A,,,
A0A5P6VU75,Pseudobutyrivibrio xylanivorans,bacterial,GH10,,5.6,-0.6131274131274131,4.602503395080566,31.099467181467386,0.0911196911196911,143683.3278,39579.0,6188.0,0.0,/home/ubuntu/xylanase/xylanase/models/swiss_model/outputs/A0A5P6VU75_swissmodel.pdb,,,,A,,,
Q21NZ2,Saccharophagus degradans (strain 2-40 / ATCC 43961 / DSM 17024),bacterial,GH10,,,-0.516268656716418,4.326663780212404,39.056283582089655,0.1134328358208955,75153.7582,48114.0,5665.0,0.0,/home/ubuntu/xylanase/xylanase/models/swiss_model/outputs/Q21NZ2_swissmodel.pdb,,,,A,,,
A0A3Q8TLG0,Thermobifida fusca (Thermomonospora fusca),bacterial,GH10,,,-0.5974895397489539,5.20727024078369,42.91612970711297,0.098326359832636,53806.4271,34360.0,4824.0,0.0,/home/ubuntu/xylanase/xylanase/models/swiss_model/outputs/A0A3Q8TLG0_swissmodel.pdb,,,,A,,,
A0ABM8UZ22,Thermobacillus xylanilyticus,bacterial,GH10,,,-0.3346675712347354,4.622056007385253,30.35902985074645,0.087516960651289,160427.40709999998,37260.0,4636.0,0.0,/home/ubuntu/xylanase/xylanase/models/swiss_model/outputs/A0ABM8UZ22_swissmodel.pdb,,,,A,,,
A0ABN7S882,Thermobacillus xylanilyticus,bacterial,GH10,,,-0.4962703962703962,4.725787162780762,36.19370629370631,0.0815850815850815,47939.9598,30221.0,4256.0,0.0,/home/ubuntu/xylanase/xylanase/models/swiss_model/outputs/A0ABN7S882_swissmodel.pdb,,,,A,,,
A0ABN7S7D7,Thermobacillus xylanilyticus,bacterial,GH10,,,-0.369438202247191,4.600741386413574,38.24494382022473,0.0786516853932584,49048.3566,31143.0,4212.0,0.0,/home/ubuntu/xylanase/xylanase/models/swiss_model/outputs/A0ABN7S7D7_swissmodel.pdb,,,,A,,,
E0RYH1,Butyrivibrio proteoclasticus (strain ATCC 51982 / DSM 14932 / B316) (Clostridium proteoclasticum),bacterial,GH10,,,-0.7090336134453782,4.677871894836424,45.09771008403364,0.1071428571428571,53629.4024,34271.0,4104.0,0.0,/home/ubuntu/xylanase/xylanase/models/swiss_model/outputs/E0RYH1_swissmodel.pdb,,,,A,,,
A0A5P6VQ80,Pseudobutyrivibrio xylanivorans,bacterial,GH10,,5.6,-0.4403458213256484,8.638134956359862,16.463559077809798,0.1152737752161383,76443.6331,48490.0,3432.0,0.0,/home/ubuntu/xylanase/xylanase/models/swiss_model/outputs/A0A5P6VQ80_swissmodel.pdb,,,,A,,,
